case_id,evidence_type,status,study_axis,loading_condition,mesh,mesh_cells,period_s,frequency_hz,timestep_s,cycles,configured_max_courant,configured_max_alpha_courant,excitation,geometry_basis,solver_class
anchor-t10-a5,cfd_forced_roll,accepted,period_anchor,forced_roll,medium,20480,10,,,9.998,0.5,0.5,sinusoidal_roll_5_deg,rectangular_twin_compartment_normalized,vof_cfd
anchor-t13-a5,cfd_forced_roll,accepted,period_anchor,forced_roll,medium,20480,13,,,9.998,0.5,0.5,sinusoidal_roll_5_deg,rectangular_twin_compartment_normalized,vof_cfd
anchor-t40-a5,cfd_forced_roll,accepted,period_anchor,forced_roll,medium,20480,40,,,10,0.5,0.5,sinusoidal_roll_5_deg,rectangular_twin_compartment_normalized,vof_cfd
anchor-t60-a5,cfd_forced_roll,accepted,period_anchor,forced_roll,medium,20480,60,,,10,0.5,0.5,sinusoidal_roll_5_deg,rectangular_twin_compartment_normalized,vof_cfd
baseline-static-t24,cfd_static,accepted,stationary_baseline,stationary,medium,20480,24,,,1.99916666666667,0.5,0.5,none,rectangular_twin_compartment_normalized,vof_cfd
conduit-a13p5-t10p64-a5,cfd_forced_roll,accepted,conduit_area_prediction,forced_roll,medium,20480,10.64,,,10,0.5,0.5,sinusoidal_roll_5_deg,rectangular_twin_compartment_normalized,vof_cfd
conduit-a13p5-t13-a5,cfd_forced_roll,accepted,conduit_area_prediction,forced_roll,medium,20480,13,,,10,0.5,0.5,sinusoidal_roll_5_deg,rectangular_twin_compartment_normalized,vof_cfd
conduit-a13p5-t9-a5,cfd_forced_roll,accepted,conduit_area_prediction,forced_roll,medium,20480,9,,,10,0.5,0.5,sinusoidal_roll_5_deg,rectangular_twin_compartment_normalized,vof_cfd
conduit-a3p4-t17-a5,cfd_forced_roll,accepted,conduit_area_prediction,forced_roll,medium,20480,17,,,10,0.5,0.5,sinusoidal_roll_5_deg,rectangular_twin_compartment_normalized,vof_cfd
conduit-a3p4-t19p73-a5,cfd_forced_roll,accepted,conduit_area_prediction,forced_roll,medium,20480,19.73,,,10,0.5,0.5,sinusoidal_roll_5_deg,rectangular_twin_compartment_normalized,vof_cfd
conduit-a3p4-t23-a5,cfd_forced_roll,accepted,conduit_area_prediction,forced_roll,medium,20480,23,,,10,0.5,0.5,sinusoidal_roll_5_deg,rectangular_twin_compartment_normalized,vof_cfd
decay-dt-0p001,cfd_validation,accepted,dt,free_decay,structured_2d,6400,,0.755717,0.001,,,,initial_free_surface_perturbation,rectangular_free_surface_benchmark,vof_cfd
decay-dt-0p004,cfd_validation,accepted,dt,free_decay,structured_2d,6400,,0.755702,0.004,,,,initial_free_surface_perturbation,rectangular_free_surface_benchmark,vof_cfd
decay-mesh-cpb120,cfd_validation,accepted,mesh,free_decay,structured_2d,14400,,0.755763,0.002,,,,initial_free_surface_perturbation,rectangular_free_surface_benchmark,vof_cfd
decay-mesh-cpb160,cfd_validation,accepted,mesh,free_decay,structured_2d,25600,,0.755807,0.002,,,,initial_free_surface_perturbation,rectangular_free_surface_benchmark,vof_cfd
decay-mesh-cpb40,cfd_validation,accepted,mesh,free_decay,structured_2d,1600,,0.75558,0.002,,,,initial_free_surface_perturbation,rectangular_free_surface_benchmark,vof_cfd
decay-mesh-cpb60,cfd_validation,accepted,mesh,free_decay,structured_2d,3600,,0.755651,0.002,,,,initial_free_surface_perturbation,rectangular_free_surface_benchmark,vof_cfd
decay-mesh-cpb80,cfd_validation,accepted,mesh,free_decay,structured_2d,6400,,0.755701,0.002,,,,initial_free_surface_perturbation,rectangular_free_surface_benchmark,vof_cfd
fill-f25-t12-a5,cfd_forced_roll,accepted_with_exception,fill_prediction,forced_roll,medium,20480,12,,,10,0.5,0.5,sinusoidal_roll_5_deg,rectangular_twin_compartment_normalized,vof_cfd
fill-f25-t13p95-a10,cfd_forced_roll,accepted,fill_prediction,forced_roll,medium,20480,13.95,,,10,0.5,0.5,sinusoidal_roll_10_deg,rectangular_twin_compartment_normalized,vof_cfd
fill-f25-t13p95-a5,cfd_forced_roll,accepted_with_exception,fill_prediction,forced_roll,medium,20480,13.95,,,10,0.5,0.5,sinusoidal_roll_5_deg,rectangular_twin_compartment_normalized,vof_cfd
fill-f25-t16-a5,cfd_forced_roll,accepted,fill_prediction,forced_roll,medium,20480,16,,,10,0.5,0.5,sinusoidal_roll_5_deg,rectangular_twin_compartment_normalized,vof_cfd
fill-f70-t13-a5,cfd_forced_roll,accepted,fill_prediction,forced_roll,medium,20480,13,,,10,0.5,0.5,sinusoidal_roll_5_deg,rectangular_twin_compartment_normalized,vof_cfd
fill-f70-t14p59-a10,cfd_forced_roll,accepted,fill_prediction,forced_roll,medium,20480,14.59,,,10,0.5,0.5,sinusoidal_roll_10_deg,rectangular_twin_compartment_normalized,vof_cfd
fill-f70-t14p59-a5,cfd_forced_roll,accepted,fill_prediction,forced_roll,medium,20480,14.59,,,10,0.5,0.5,sinusoidal_roll_5_deg,rectangular_twin_compartment_normalized,vof_cfd
fill-f70-t17-a5,cfd_forced_roll,accepted,fill_prediction,forced_roll,medium,20480,17,,,10,0.5,0.5,sinusoidal_roll_5_deg,rectangular_twin_compartment_normalized,vof_cfd
forced-fine-co025-pressure-t24,cfd_forced_roll,accepted,courant_refinement,forced_roll,fine,69120,24,,,10,0.25,0.25,sinusoidal_roll_5_deg,rectangular_twin_compartment_normalized,vof_cfd
forced-fine-co035-pressure-t24,cfd_forced_roll,accepted,pressure_load_follow_on,forced_roll,fine,69120,24,0.0416666666666667,,10,0.35,0.35,sinusoidal_roll_period,source_neutral_twin_tank,vof_cfd
forced-fine-t24,cfd_forced_roll,accepted,mesh_confirmation,forced_roll,fine,69120,24,0.0416666666666667,,10,,,sinusoidal_roll_period,source_neutral_twin_tank,vof_cfd
forced-medium-sectional-t24,cfd_forced_roll,accepted,sectional_loads,forced_roll,medium,20480,24,,,9.99916666666667,0.5,0.5,sinusoidal_roll_5_deg,rectangular_twin_compartment_normalized,vof_cfd
forced-medium-t16,cfd_forced_roll,accepted,period,forced_roll,medium,20480,16,0.0625,,10,,,sinusoidal_roll_period,source_neutral_twin_tank,vof_cfd
forced-medium-t18,cfd_forced_roll,accepted,period,forced_roll,medium,20480,18,0.0555555555555556,,10,,,sinusoidal_roll_period,source_neutral_twin_tank,vof_cfd
forced-medium-t20,cfd_forced_roll,accepted,period,forced_roll,medium,20480,20,0.05,,10,,,sinusoidal_roll_period,source_neutral_twin_tank,vof_cfd
forced-medium-t21,cfd_forced_roll,accepted,period_refinement,forced_roll,medium,20480,21,,,9.99904761904762,0.5,0.5,sinusoidal_roll_5_deg,rectangular_twin_compartment_normalized,vof_cfd
forced-medium-t22,cfd_forced_roll,accepted,period_refinement,forced_roll,medium,20480,22,,,9.99909090909091,0.5,0.5,sinusoidal_roll_5_deg,rectangular_twin_compartment_normalized,vof_cfd
forced-medium-t23,cfd_forced_roll,accepted,period_refinement,forced_roll,medium,20480,23,,,9.99913043478261,0.5,0.5,sinusoidal_roll_5_deg,rectangular_twin_compartment_normalized,vof_cfd
forced-medium-t24,cfd_forced_roll,accepted,period_refinement,forced_roll,medium,20480,24,,,9.99916666666667,0.5,0.5,sinusoidal_roll_5_deg,rectangular_twin_compartment_normalized,vof_cfd
forced-medium-t25,cfd_forced_roll,accepted,period_refinement,forced_roll,medium,20480,25,,,9.9992,0.5,0.5,sinusoidal_roll_5_deg,rectangular_twin_compartment_normalized,vof_cfd
forced-medium-t26,cfd_forced_roll,accepted,period,forced_roll,medium,20480,26,0.0384615384615385,,10,,,sinusoidal_roll_period,source_neutral_twin_tank,vof_cfd
grid-t10-a10,cfd_forced_roll,accepted_with_exception,period_amplitude_grid,forced_roll,medium,20480,10,,,9.992,0.5,0.5,sinusoidal_roll_10_deg,rectangular_twin_compartment_normalized,vof_cfd
grid-t10-a2p5,cfd_forced_roll,accepted,period_amplitude_grid,forced_roll,medium,20480,10,,,9.998,0.5,0.5,sinusoidal_roll_2.5_deg,rectangular_twin_compartment_normalized,vof_cfd
grid-t13-a10,cfd_forced_roll,accepted,period_amplitude_grid,forced_roll,medium,20480,13,,,9.994,0.5,0.5,sinusoidal_roll_10_deg,rectangular_twin_compartment_normalized,vof_cfd
grid-t13-a2p5,cfd_forced_roll,accepted,period_amplitude_grid,forced_roll,medium,20480,13,,,9.998,0.5,0.5,sinusoidal_roll_2.5_deg,rectangular_twin_compartment_normalized,vof_cfd
grid-t16-a10,cfd_forced_roll,accepted,period_amplitude_grid,forced_roll,medium,20480,16,,,9.996,0.5,0.5,sinusoidal_roll_10_deg,rectangular_twin_compartment_normalized,vof_cfd
grid-t16-a2p5,cfd_forced_roll,accepted,period_amplitude_grid,forced_roll,medium,20480,16,,,9.999,0.5,0.5,sinusoidal_roll_2.5_deg,rectangular_twin_compartment_normalized,vof_cfd
grid-t20-a10,cfd_forced_roll,accepted,period_amplitude_grid,forced_roll,medium,20480,20,,,9.998,0.5,0.5,sinusoidal_roll_10_deg,rectangular_twin_compartment_normalized,vof_cfd
grid-t20-a2p5,cfd_forced_roll,accepted,period_amplitude_grid,forced_roll,medium,20480,20,,,9.999,0.5,0.5,sinusoidal_roll_2.5_deg,rectangular_twin_compartment_normalized,vof_cfd
grid-t23-a10,cfd_forced_roll,accepted,period_amplitude_grid,forced_roll,medium,20480,23,,,9.998,0.5,0.5,sinusoidal_roll_10_deg,rectangular_twin_compartment_normalized,vof_cfd
grid-t23-a2p5,cfd_forced_roll,accepted,period_amplitude_grid,forced_roll,medium,20480,23,,,9.999,0.5,0.5,sinusoidal_roll_2.5_deg,rectangular_twin_compartment_normalized,vof_cfd
grid-t23-a5,cfd_forced_roll,accepted,period_amplitude_grid,forced_roll,medium,20480,23,,,9.999,0.5,0.5,sinusoidal_roll_5_deg,rectangular_twin_compartment_normalized,vof_cfd
grid-t26-a10,cfd_forced_roll,accepted,period_amplitude_grid,forced_roll,medium,20480,26,,,9.999,0.5,0.5,sinusoidal_roll_10_deg,rectangular_twin_compartment_normalized,vof_cfd
grid-t26-a2p5,cfd_forced_roll,accepted,period_amplitude_grid,forced_roll,medium,20480,26,,,9.999,0.5,0.5,sinusoidal_roll_2.5_deg,rectangular_twin_compartment_normalized,vof_cfd
grid-t40-a10,cfd_forced_roll,accepted,period_amplitude_grid,forced_roll,medium,20480,40,,,10,0.5,0.5,sinusoidal_roll_10_deg,rectangular_twin_compartment_normalized,vof_cfd
grid-t40-a2p5,cfd_forced_roll,accepted,period_amplitude_grid,forced_roll,medium,20480,40,,,10,0.5,0.5,sinusoidal_roll_2.5_deg,rectangular_twin_compartment_normalized,vof_cfd
twin-conduit-a13p5,cfd_sensitivity,accepted,conduit_area,forced_roll,medium,20480,6.2514,,,11.997,0.5,0.5,sinusoidal_roll_period,rectangular_twin_compartment_normalized,vof_cfd
twin-conduit-a3p4,cfd_sensitivity,accepted,conduit_area,forced_roll,medium,20480,6.2514,,,11.997,0.5,0.5,sinusoidal_roll_period,rectangular_twin_compartment_normalized,vof_cfd
twin-conduit-a6p8,cfd_sensitivity,accepted,conduit_area,forced_roll,medium,20480,6.2514,,,11.005,0.5,0.5,sinusoidal_roll_period,rectangular_twin_compartment_normalized,vof_cfd
