case_id,quantity,value,unit,window,statistic,qa_status
anchor-t10-a5,added_roll_damping_B44,39967501.9438208,N.m.s/rad,final_three_cycles,derived,pass
anchor-t10-a5,amplification_vs_quasi_static,0.565541954354932,dimensionless,final_three_cycles,derived,pass
anchor-t10-a5,conduit_area,6.8,m2,final_three_cycles,input,pass
anchor-t10-a5,equivalent_damping_ratio,0.445772043071481,dimensionless,final_three_cycles,derived,pass
anchor-t10-a5,exchange_phase_lag,129.407056445555,deg,final_three_cycles,phase,pass
anchor-t10-a5,initial_fill_fraction,0.5,dimensionless,final_three_cycles,input,pass
anchor-t10-a5,level_difference_amplitude,0.492902290867663,m,final_three_cycles,harmonic_amplitude,pass
anchor-t10-a5,moment_quadrature_fraction,0.556166142696221,dimensionless,final_three_cycles,derived,pass
anchor-t10-a5,roll_moment_amplitude,3940303.7130533,N.m,final_three_cycles,harmonic_amplitude,pass
anchor-t10-a5,roll_moment_in_phase_with_angle,3274672.656029,N.m,final_three_cycles,component,pass
anchor-t10-a5,roll_moment_in_quadrature,-2191463.51714045,N.m,final_three_cycles,component,pass
anchor-t13-a5,added_roll_damping_B44,98971070.3007364,N.m.s/rad,final_three_cycles,derived,pass
anchor-t13-a5,amplification_vs_quasi_static,0.854734128936895,dimensionless,final_three_cycles,derived,pass
anchor-t13-a5,conduit_area,6.8,m2,final_three_cycles,input,pass
anchor-t13-a5,equivalent_damping_ratio,0.587478091320316,dimensionless,final_three_cycles,derived,pass
anchor-t13-a5,exchange_phase_lag,99.3098590355621,deg,final_three_cycles,phase,pass
anchor-t13-a5,initial_fill_fraction,0.5,dimensionless,final_three_cycles,input,pass
anchor-t13-a5,level_difference_amplitude,0.744949878592677,m,final_three_cycles,harmonic_amplitude,pass
anchor-t13-a5,moment_quadrature_fraction,0.747293943298297,dimensionless,final_three_cycles,derived,pass
anchor-t13-a5,roll_moment_amplitude,5585996.92726564,N.m,final_three_cycles,harmonic_amplitude,pass
anchor-t13-a5,roll_moment_in_phase_with_angle,3711859.28289347,N.m,final_three_cycles,component,pass
anchor-t13-a5,roll_moment_in_quadrature,-4174381.67102851,N.m,final_three_cycles,component,pass
anchor-t40-a5,added_roll_damping_B44,66105821.3241198,N.m.s/rad,final_three_cycles,derived,pass
anchor-t40-a5,amplification_vs_quasi_static,1.1285175681885,dimensionless,final_three_cycles,derived,pass
anchor-t40-a5,conduit_area,6.8,m2,final_three_cycles,input,pass
anchor-t40-a5,equivalent_damping_ratio,0.187641298944579,dimensionless,final_three_cycles,derived,pass
anchor-t40-a5,exchange_phase_lag,8.754325123012,deg,final_three_cycles,phase,pass
anchor-t40-a5,initial_fill_fraction,0.5,dimensionless,final_three_cycles,input,pass
anchor-t40-a5,level_difference_amplitude,0.9835678685925,m,final_three_cycles,harmonic_amplitude,pass
anchor-t40-a5,moment_quadrature_fraction,0.0984332718230741,dimensionless,final_three_cycles,derived,pass
anchor-t40-a5,roll_moment_amplitude,9205874.15033112,N.m,final_three_cycles,harmonic_amplitude,pass
anchor-t40-a5,roll_moment_in_phase_with_angle,9161167.23514473,N.m,final_three_cycles,component,pass
anchor-t40-a5,roll_moment_in_quadrature,-906164.312608554,N.m,final_three_cycles,component,pass
anchor-t60-a5,added_roll_damping_B44,38727645.1494386,N.m.s/rad,final_three_cycles,derived,pass
anchor-t60-a5,amplification_vs_quasi_static,1.05482758140554,dimensionless,final_three_cycles,derived,pass
anchor-t60-a5,conduit_area,6.8,m2,final_three_cycles,input,pass
anchor-t60-a5,equivalent_damping_ratio,0.115842385163365,dimensionless,final_three_cycles,derived,pass
anchor-t60-a5,exchange_phase_lag,3.35365971623029,deg,final_three_cycles,phase,pass
anchor-t60-a5,initial_fill_fraction,0.5,dimensionless,final_three_cycles,input,pass
anchor-t60-a5,level_difference_amplitude,0.919342813281155,m,final_three_cycles,harmonic_amplitude,pass
anchor-t60-a5,moment_quadrature_fraction,0.0401834083377034,dimensionless,final_three_cycles,derived,pass
anchor-t60-a5,roll_moment_amplitude,8807452.49932035,N.m,final_three_cycles,harmonic_amplitude,pass
anchor-t60-a5,roll_moment_in_phase_with_angle,8800338.902024,N.m,final_three_cycles,component,pass
anchor-t60-a5,roll_moment_in_quadrature,-353913.460195116,N.m,final_three_cycles,component,pass
baseline-static-t24,level_amplitude_per_roll_degree,0,m_per_deg,final_three_cycles,harmonic_normalized_by_roll_amplitude,cycle_converged
baseline-static-t24,observed_max_courant,0.0041304469,dimensionless,full_run,qa_metric,cycle_converged
baseline-static-t24,retained_field_window,24,s,full_run,qa_metric,cycle_converged
baseline-static-t24,roll_moment_amplitude_per_roll_degree,0,N_m_per_deg,final_three_cycles,harmonic_normalized_by_roll_amplitude,cycle_converged
baseline-static-t24,volume_drift,0,percent,full_run,qa_metric,cycle_converged
conduit-a13p5-t10p64-a5,added_roll_damping_B44,134371065.669981,N.m.s/rad,final_three_cycles,derived,pass
conduit-a13p5-t10p64-a5,amplification_vs_quasi_static,1.43084460708353,dimensionless,final_three_cycles,derived,pass
conduit-a13p5-t10p64-a5,conduit_area,13.5,m2,final_three_cycles,input,pass
conduit-a13p5-t10p64-a5,equivalent_damping_ratio,0.337741611899095,dimensionless,final_three_cycles,derived,pass
conduit-a13p5-t10p64-a5,exchange_phase_lag,95.0195092096877,deg,final_three_cycles,phase,pass
conduit-a13p5-t10p64-a5,initial_fill_fraction,0.5,dimensionless,final_three_cycles,input,pass
conduit-a13p5-t10p64-a5,level_difference_amplitude,1.24706324486846,m,final_three_cycles,harmonic_amplitude,pass
conduit-a13p5-t10p64-a5,moment_quadrature_fraction,0.835769763959399,dimensionless,final_three_cycles,derived,pass
conduit-a13p5-t10p64-a5,roll_moment_amplitude,8285232.84921066,N.m,final_three_cycles,harmonic_amplitude,pass
conduit-a13p5-t10p64-a5,roll_moment_in_phase_with_angle,4549256.06969592,N.m,final_three_cycles,component,pass
conduit-a13p5-t10p64-a5,roll_moment_in_quadrature,-6924547.10273345,N.m,final_three_cycles,component,pass
conduit-a13p5-t13-a5,added_roll_damping_B44,158332467.512131,N.m.s/rad,final_three_cycles,derived,pass
conduit-a13p5-t13-a5,amplification_vs_quasi_static,1.63053811349528,dimensionless,final_three_cycles,derived,pass
conduit-a13p5-t13-a5,conduit_area,13.5,m2,final_three_cycles,input,pass
conduit-a13p5-t13-a5,equivalent_damping_ratio,0.280113069267487,dimensionless,final_three_cycles,derived,pass
conduit-a13p5-t13-a5,exchange_phase_lag,58.5901284062515,deg,final_three_cycles,phase,pass
conduit-a13p5-t13-a5,initial_fill_fraction,0.5,dimensionless,final_three_cycles,input,pass
conduit-a13p5-t13-a5,level_difference_amplitude,1.42110760360046,m,final_three_cycles,harmonic_amplitude,pass
conduit-a13p5-t13-a5,moment_quadrature_fraction,0.605421094825034,dimensionless,final_three_cycles,derived,pass
conduit-a13p5-t13-a5,roll_moment_amplitude,11030528.4449869,N.m,final_three_cycles,harmonic_amplitude,pass
conduit-a13p5-t13-a5,roll_moment_in_phase_with_angle,8779256.40715592,N.m,final_three_cycles,component,pass
conduit-a13p5-t13-a5,roll_moment_in_quadrature,-6678114.60766266,N.m,final_three_cycles,component,pass
conduit-a13p5-t9-a5,added_roll_damping_B44,71866951.8022558,N.m.s/rad,final_three_cycles,derived,pass
conduit-a13p5-t9-a5,amplification_vs_quasi_static,1.07450206456107,dimensionless,final_three_cycles,derived,pass
conduit-a13p5-t9-a5,conduit_area,13.5,m2,final_three_cycles,input,pass
conduit-a13p5-t9-a5,equivalent_damping_ratio,0.28613107428296,dimensionless,final_three_cycles,derived,pass
conduit-a13p5-t9-a5,exchange_phase_lag,124.789230038026,deg,final_three_cycles,phase,pass
conduit-a13p5-t9-a5,initial_fill_fraction,0.5,dimensionless,final_three_cycles,input,pass
conduit-a13p5-t9-a5,level_difference_amplitude,0.936490255207119,m,final_three_cycles,harmonic_amplitude,pass
conduit-a13p5-t9-a5,moment_quadrature_fraction,0.84992056803431,dimensionless,final_three_cycles,derived,pass
conduit-a13p5-t9-a5,roll_moment_amplitude,5151522.68324801,N.m,final_three_cycles,harmonic_amplitude,pass
conduit-a13p5-t9-a5,roll_moment_in_phase_with_angle,2714393.11851175,N.m,final_three_cycles,component,pass
conduit-a13p5-t9-a5,roll_moment_in_quadrature,-4378385.08518778,N.m,final_three_cycles,component,pass
conduit-a3p4-t17-a5,amplification_vs_quasi_static,0.5561820638198,dimensionless,final_three_cycles,derived,pass
conduit-a3p4-t17-a5,conduit_area,3.4,m2,final_three_cycles,input,pass
conduit-a3p4-t17-a5,equivalent_damping_ratio,0.783120798302674,dimensionless,final_three_cycles,derived,pass
conduit-a3p4-t17-a5,exchange_phase_lag,98.5994387507681,deg,final_three_cycles,phase,pass
conduit-a3p4-t17-a5,initial_fill_fraction,0.5,dimensionless,final_three_cycles,input,pass
conduit-a3p4-t17-a5,level_difference_amplitude,0.484744608751401,m,final_three_cycles,harmonic_amplitude,pass
conduit-a3p4-t19p73-a5,amplification_vs_quasi_static,0.660310774380182,dimensionless,final_three_cycles,derived,pass
conduit-a3p4-t19p73-a5,conduit_area,3.4,m2,final_three_cycles,input,pass
conduit-a3p4-t19p73-a5,equivalent_damping_ratio,0.774977621635894,dimensionless,final_three_cycles,derived,pass
conduit-a3p4-t19p73-a5,exchange_phase_lag,88.2524708909964,deg,final_three_cycles,phase,pass
conduit-a3p4-t19p73-a5,initial_fill_fraction,0.5,dimensionless,final_three_cycles,input,pass
conduit-a3p4-t19p73-a5,level_difference_amplitude,0.575498759853861,m,final_three_cycles,harmonic_amplitude,pass
conduit-a3p4-t23-a5,amplification_vs_quasi_static,0.780927514062708,dimensionless,final_three_cycles,derived,pass
conduit-a3p4-t23-a5,conduit_area,3.4,m2,final_three_cycles,input,pass
conduit-a3p4-t23-a5,equivalent_damping_ratio,0.799066960524312,dimensionless,final_three_cycles,derived,pass
conduit-a3p4-t23-a5,exchange_phase_lag,77.4468775066493,deg,final_three_cycles,phase,pass
conduit-a3p4-t23-a5,initial_fill_fraction,0.5,dimensionless,final_three_cycles,input,pass
conduit-a3p4-t23-a5,level_difference_amplitude,0.680623175202176,m,final_three_cycles,harmonic_amplitude,pass
decay-dt-0p001,analytical_period,1.3191672361071902,s,full_run,verification_metadata,verification_only
decay-dt-0p001,cell_size,0.0125,m,full_run,verification_metadata,verification_only
decay-dt-0p001,measured_period,1.3232466650875923,s,full_run,verification_metadata,verification_only
decay-dt-0p001,runtime,349.3,s,full_run,verification_metadata,verification_only
decay-dt-0p001,timesteps,12000,count,full_run,verification_metadata,verification_only
decay-dt-0p004,analytical_period,1.3191672361071902,s,full_run,verification_metadata,verification_only
decay-dt-0p004,cell_size,0.0125,m,full_run,verification_metadata,verification_only
decay-dt-0p004,measured_period,1.3232729303349733,s,full_run,verification_metadata,verification_only
decay-dt-0p004,runtime,86.4,s,full_run,verification_metadata,verification_only
decay-dt-0p004,timesteps,3000,count,full_run,verification_metadata,verification_only
decay-mesh-cpb120,analytical_period,1.3191672361071902,s,full_run,verification_metadata,verification_only
decay-mesh-cpb120,cell_size,0.008333,m,full_run,verification_metadata,verification_only
decay-mesh-cpb120,measured_period,1.3231661248301385,s,full_run,verification_metadata,verification_only
decay-mesh-cpb120,runtime,381.3,s,full_run,verification_metadata,verification_only
decay-mesh-cpb120,timesteps,6000,count,full_run,verification_metadata,verification_only
decay-mesh-cpb160,analytical_period,1.3191672361071902,s,full_run,verification_metadata,verification_only
decay-mesh-cpb160,cell_size,0.00625,m,full_run,verification_metadata,verification_only
decay-mesh-cpb160,measured_period,1.3230890954966017,s,full_run,verification_metadata,verification_only
decay-mesh-cpb160,runtime,683.2,s,full_run,verification_metadata,verification_only
decay-mesh-cpb160,timesteps,6000,count,full_run,verification_metadata,verification_only
decay-mesh-cpb40,analytical_period,1.3191672361071902,s,full_run,verification_metadata,verification_only
decay-mesh-cpb40,cell_size,0.025,m,full_run,verification_metadata,verification_only
decay-mesh-cpb40,measured_period,1.323486593080812,s,full_run,verification_metadata,verification_only
decay-mesh-cpb40,runtime,51.7,s,full_run,verification_metadata,verification_only
decay-mesh-cpb40,timesteps,6000,count,full_run,verification_metadata,verification_only
decay-mesh-cpb60,analytical_period,1.3191672361071902,s,full_run,verification_metadata,verification_only
decay-mesh-cpb60,cell_size,0.016667,m,full_run,verification_metadata,verification_only
decay-mesh-cpb60,measured_period,1.323362239975862,s,full_run,verification_metadata,verification_only
decay-mesh-cpb60,runtime,101.8,s,full_run,verification_metadata,verification_only
decay-mesh-cpb60,timesteps,6000,count,full_run,verification_metadata,verification_only
decay-mesh-cpb80,analytical_period,1.3191672361071902,s,full_run,verification_metadata,verification_only
decay-mesh-cpb80,cell_size,0.0125,m,full_run,verification_metadata,verification_only
decay-mesh-cpb80,measured_period,1.3232746813885388,s,full_run,verification_metadata,verification_only
decay-mesh-cpb80,runtime,173.8,s,full_run,verification_metadata,verification_only
decay-mesh-cpb80,timesteps,6000,count,full_run,verification_metadata,verification_only
fill-f25-t12-a5,amplification_vs_quasi_static,0.854568976832887,dimensionless,final_three_cycles,derived,pass
fill-f25-t12-a5,conduit_area,6.8,m2,final_three_cycles,input,pass
fill-f25-t12-a5,equivalent_damping_ratio,0.509131180974718,dimensionless,final_three_cycles,derived,pass
fill-f25-t12-a5,exchange_phase_lag,103.418000730347,deg,final_three_cycles,phase,pass
fill-f25-t12-a5,initial_fill_fraction,0.25,dimensionless,final_three_cycles,input,pass
fill-f25-t12-a5,level_difference_amplitude,0.744805939049765,m,final_three_cycles,harmonic_amplitude,pass
fill-f25-t13p95-a10,amplification_vs_quasi_static,0.708748741585309,dimensionless,final_three_cycles,derived,pass
fill-f25-t13p95-a10,conduit_area,6.8,m2,final_three_cycles,input,pass
fill-f25-t13p95-a10,equivalent_damping_ratio,0.730593863602304,dimensionless,final_three_cycles,derived,pass
fill-f25-t13p95-a10,exchange_phase_lag,86.2873549337571,deg,final_three_cycles,phase,pass
fill-f25-t13p95-a10,initial_fill_fraction,0.25,dimensionless,final_three_cycles,input,pass
fill-f25-t13p95-a10,level_difference_amplitude,1.23072927400019,m,final_three_cycles,harmonic_amplitude,pass
fill-f25-t13p95-a5,amplification_vs_quasi_static,1.00662786168046,dimensionless,final_three_cycles,derived,pass
fill-f25-t13p95-a5,conduit_area,6.8,m2,final_three_cycles,input,pass
fill-f25-t13p95-a5,equivalent_damping_ratio,0.513754283356724,dimensionless,final_three_cycles,derived,pass
fill-f25-t13p95-a5,exchange_phase_lag,85.4193253247122,deg,final_three_cycles,phase,pass
fill-f25-t13p95-a5,initial_fill_fraction,0.25,dimensionless,final_three_cycles,input,pass
fill-f25-t13p95-a5,level_difference_amplitude,0.877333989552477,m,final_three_cycles,harmonic_amplitude,pass
fill-f25-t16-a5,amplification_vs_quasi_static,1.10783535492851,dimensionless,final_three_cycles,derived,pass
fill-f25-t16-a5,conduit_area,6.8,m2,final_three_cycles,input,pass
fill-f25-t16-a5,equivalent_damping_ratio,0.469402118427088,dimensionless,final_three_cycles,derived,pass
fill-f25-t16-a5,exchange_phase_lag,69.6393676921721,deg,final_three_cycles,phase,pass
fill-f25-t16-a5,initial_fill_fraction,0.25,dimensionless,final_three_cycles,input,pass
fill-f25-t16-a5,level_difference_amplitude,0.9655421320091,m,final_three_cycles,harmonic_amplitude,pass
fill-f70-t13-a5,amplification_vs_quasi_static,0.822535184095205,dimensionless,final_three_cycles,derived,pass
fill-f70-t13-a5,conduit_area,6.8,m2,final_three_cycles,input,pass
fill-f70-t13-a5,equivalent_damping_ratio,0.539945562497162,dimensionless,final_three_cycles,derived,pass
fill-f70-t13-a5,exchange_phase_lag,101.656492859224,deg,final_three_cycles,phase,pass
fill-f70-t13-a5,initial_fill_fraction,0.7,dimensionless,final_three_cycles,input,pass
fill-f70-t13-a5,level_difference_amplitude,0.716886649058993,m,final_three_cycles,harmonic_amplitude,pass
fill-f70-t14p59-a10,amplification_vs_quasi_static,0.704246828987289,dimensionless,final_three_cycles,derived,pass
fill-f70-t14p59-a10,conduit_area,6.8,m2,final_three_cycles,input,pass
fill-f70-t14p59-a10,equivalent_damping_ratio,0.719991762386699,dimensionless,final_three_cycles,derived,pass
fill-f70-t14p59-a10,exchange_phase_lag,93.0172855754422,deg,final_three_cycles,phase,pass
fill-f70-t14p59-a10,initial_fill_fraction,0.7,dimensionless,final_three_cycles,input,pass
fill-f70-t14p59-a10,level_difference_amplitude,1.22291178481357,m,final_three_cycles,harmonic_amplitude,pass
fill-f70-t14p59-a5,amplification_vs_quasi_static,0.945298835725395,dimensionless,final_three_cycles,derived,pass
fill-f70-t14p59-a5,conduit_area,6.8,m2,final_three_cycles,input,pass
fill-f70-t14p59-a5,equivalent_damping_ratio,0.536309604306828,dimensionless,final_three_cycles,derived,pass
fill-f70-t14p59-a5,exchange_phase_lag,88.267803081501,deg,final_three_cycles,phase,pass
fill-f70-t14p59-a5,initial_fill_fraction,0.7,dimensionless,final_three_cycles,input,pass
fill-f70-t14p59-a5,level_difference_amplitude,0.823882221461433,m,final_three_cycles,harmonic_amplitude,pass
fill-f70-t17-a5,amplification_vs_quasi_static,1.1262054584176,dimensionless,final_three_cycles,derived,pass
fill-f70-t17-a5,conduit_area,6.8,m2,final_three_cycles,input,pass
fill-f70-t17-a5,equivalent_damping_ratio,0.553476579591251,dimensionless,final_three_cycles,derived,pass
fill-f70-t17-a5,exchange_phase_lag,73.1288061537767,deg,final_three_cycles,phase,pass
fill-f70-t17-a5,initial_fill_fraction,0.7,dimensionless,final_three_cycles,input,pass
fill-f70-t17-a5,level_difference_amplitude,0.981552732148532,m,final_three_cycles,harmonic_amplitude,pass
forced-fine-co025-pressure-t24,level_amplitude_per_roll_degree,0.221447145436172,m_per_deg,final_three_cycles,harmonic_normalized_by_roll_amplitude,cycle_converged
forced-fine-co025-pressure-t24,observed_max_courant,0.32648391,dimensionless,full_run,qa_metric,cycle_converged
forced-fine-co025-pressure-t24,retained_field_window,24,s,full_run,qa_metric,cycle_converged
forced-fine-co025-pressure-t24,roll_moment_amplitude_per_roll_degree,1954397.22845642,N_m_per_deg,final_three_cycles,harmonic_normalized_by_roll_amplitude,cycle_converged
forced-fine-co025-pressure-t24,volume_drift,-0.00279818740896629,percent,full_run,qa_metric,cycle_converged
forced-fine-co035-pressure-t24,force_x_N_harmonic_amplitude,179.3079018501565,N,final_three_cycles,harmonic_final_three_cycles,configured_limit_exceeded
forced-fine-co035-pressure-t24,force_x_N_maximum,4858.84416,N,last_cycle,maximum_last_cycle,configured_limit_exceeded
forced-fine-co035-pressure-t24,force_x_N_minimum,-4587.37169,N,last_cycle,minimum_last_cycle,configured_limit_exceeded
forced-fine-co035-pressure-t24,force_x_N_peak_to_peak,9446.21585,N,last_cycle,peak_to_peak_last_cycle,configured_limit_exceeded
forced-fine-co035-pressure-t24,force_y_N_harmonic_amplitude,69910.73998533697,N,final_three_cycles,harmonic_final_three_cycles,configured_limit_exceeded
forced-fine-co035-pressure-t24,force_y_N_maximum,81203.4078,N,last_cycle,maximum_last_cycle,configured_limit_exceeded
forced-fine-co035-pressure-t24,force_y_N_minimum,-80982.6343,N,last_cycle,minimum_last_cycle,configured_limit_exceeded
forced-fine-co035-pressure-t24,force_y_N_peak_to_peak,162186.04210000002,N,last_cycle,peak_to_peak_last_cycle,configured_limit_exceeded
forced-fine-co035-pressure-t24,force_z_N_harmonic_amplitude,28.215113957765723,N,final_three_cycles,harmonic_final_three_cycles,configured_limit_exceeded
forced-fine-co035-pressure-t24,force_z_N_maximum,-12401978.8,N,last_cycle,maximum_last_cycle,configured_limit_exceeded
forced-fine-co035-pressure-t24,force_z_N_minimum,-12419360.6,N,last_cycle,minimum_last_cycle,configured_limit_exceeded
forced-fine-co035-pressure-t24,force_z_N_peak_to_peak,17381.799999998882,N,last_cycle,peak_to_peak_last_cycle,configured_limit_exceeded
forced-fine-co035-pressure-t24,moment_x_Nm_harmonic_amplitude,9791356.160723904,N_m,final_three_cycles,harmonic_final_three_cycles,configured_limit_exceeded
forced-fine-co035-pressure-t24,moment_x_Nm_maximum,9731526.92,N_m,last_cycle,maximum_last_cycle,configured_limit_exceeded
forced-fine-co035-pressure-t24,moment_x_Nm_minimum,-9731433.6,N_m,last_cycle,minimum_last_cycle,configured_limit_exceeded
forced-fine-co035-pressure-t24,moment_x_Nm_peak_to_peak,19462960.52,N_m,last_cycle,peak_to_peak_last_cycle,configured_limit_exceeded
forced-fine-co035-pressure-t24,moment_y_Nm_harmonic_amplitude,4106.139491938857,N_m,final_three_cycles,harmonic_final_three_cycles,configured_limit_exceeded
forced-fine-co035-pressure-t24,moment_y_Nm_maximum,124222233.0,N_m,last_cycle,maximum_last_cycle,configured_limit_exceeded
forced-fine-co035-pressure-t24,moment_y_Nm_minimum,124004900.0,N_m,last_cycle,minimum_last_cycle,configured_limit_exceeded
forced-fine-co035-pressure-t24,moment_y_Nm_peak_to_peak,217333.0,N_m,last_cycle,peak_to_peak_last_cycle,configured_limit_exceeded
forced-fine-co035-pressure-t24,moment_z_Nm_harmonic_amplitude,701111.4520025817,N_m,final_three_cycles,harmonic_final_three_cycles,configured_limit_exceeded
forced-fine-co035-pressure-t24,moment_z_Nm_maximum,803858.164,N_m,last_cycle,maximum_last_cycle,configured_limit_exceeded
forced-fine-co035-pressure-t24,moment_z_Nm_minimum,-805657.198,N_m,last_cycle,minimum_last_cycle,configured_limit_exceeded
forced-fine-co035-pressure-t24,moment_z_Nm_peak_to_peak,1609515.362,N_m,last_cycle,peak_to_peak_last_cycle,configured_limit_exceeded
forced-medium-sectional-t24,left_section_roll_moment_amplitude,4838623.71391625,N_m,final_three_cycles,harmonic_amplitude,cycle_converged
forced-medium-sectional-t24,level_amplitude_per_roll_degree,0.220739712966606,m_per_deg,final_three_cycles,harmonic_normalized_by_roll_amplitude,cycle_converged
forced-medium-sectional-t24,observed_max_courant,0.31541745,dimensionless,full_run,qa_metric,cycle_converged
forced-medium-sectional-t24,retained_field_window,24,s,full_run,qa_metric,cycle_converged
forced-medium-sectional-t24,right_section_roll_moment_amplitude,4834536.29760818,N_m,final_three_cycles,harmonic_amplitude,cycle_converged
forced-medium-sectional-t24,roll_moment_amplitude_per_roll_degree,1934631.98554184,N_m_per_deg,final_three_cycles,harmonic_normalized_by_roll_amplitude,cycle_converged
forced-medium-sectional-t24,volume_drift,-0.00663769779454002,percent,full_run,qa_metric,cycle_converged
forced-medium-t16,exchange_amplitude_per_roll_degree,22.838549754681104,m3_per_deg,final_three_cycles,harmonic_normalized_by_roll_amplitude,cycle_converged
forced-medium-t16,level_amplitude_per_roll_degree,0.19032124795567584,m_per_deg,final_three_cycles,harmonic_normalized_by_roll_amplitude,cycle_converged
forced-medium-t16,roll_moment_amplitude_per_roll_degree,1494722.9225757902,N_m_per_deg,final_three_cycles,harmonic_normalized_by_roll_amplitude,cycle_converged
forced-medium-t18,exchange_amplitude_per_roll_degree,24.658572707723152,m3_per_deg,final_three_cycles,harmonic_normalized_by_roll_amplitude,cycle_converged
forced-medium-t18,level_amplitude_per_roll_degree,0.20548810589769295,m_per_deg,final_three_cycles,harmonic_normalized_by_roll_amplitude,cycle_converged
forced-medium-t18,roll_moment_amplitude_per_roll_degree,1686625.0887207459,N_m_per_deg,final_three_cycles,harmonic_normalized_by_roll_amplitude,cycle_converged
forced-medium-t20,exchange_amplitude_per_roll_degree,25.92018466489436,m3_per_deg,final_three_cycles,harmonic_normalized_by_roll_amplitude,cycle_converged
forced-medium-t20,level_amplitude_per_roll_degree,0.21600153887411966,m_per_deg,final_three_cycles,harmonic_normalized_by_roll_amplitude,cycle_converged
forced-medium-t20,roll_moment_amplitude_per_roll_degree,1820605.0163104627,N_m_per_deg,final_three_cycles,harmonic_normalized_by_roll_amplitude,cycle_converged
forced-medium-t21,level_amplitude_per_roll_degree,0.218820517369679,m_per_deg,final_three_cycles,harmonic_normalized_by_roll_amplitude,cycle_converged
forced-medium-t21,observed_max_courant,0.36031468,dimensionless,full_run,qa_metric,cycle_converged
forced-medium-t21,retained_field_window,21,s,full_run,qa_metric,cycle_converged
forced-medium-t21,roll_moment_amplitude_per_roll_degree,1864626.66751798,N_m_per_deg,final_three_cycles,harmonic_normalized_by_roll_amplitude,cycle_converged
forced-medium-t21,volume_drift,-0.00416823809134275,percent,full_run,qa_metric,cycle_converged
forced-medium-t22,exchange_amplitude_per_roll_degree,26.485027965617626,m3_per_deg,final_three_cycles,harmonic_normalized_by_roll_amplitude,cycle_converged
forced-medium-t22,level_amplitude_per_roll_degree,0.220709068648111,m_per_deg,final_three_cycles,harmonic_normalized_by_roll_amplitude,cycle_converged
forced-medium-t22,observed_max_courant,0.34553355,dimensionless,full_run,qa_metric,cycle_converged
forced-medium-t22,retained_field_window,22,s,full_run,qa_metric,cycle_converged
forced-medium-t22,roll_moment_amplitude_per_roll_degree,1899576.36379539,N_m_per_deg,final_three_cycles,harmonic_normalized_by_roll_amplitude,cycle_converged
forced-medium-t22,volume_drift,-0.00561039599901901,percent,full_run,qa_metric,cycle_converged
forced-medium-t23,level_amplitude_per_roll_degree,0.221187214035805,m_per_deg,final_three_cycles,harmonic_normalized_by_roll_amplitude,cycle_converged
forced-medium-t23,observed_max_courant,0.33072195,dimensionless,full_run,qa_metric,cycle_converged
forced-medium-t23,retained_field_window,23,s,full_run,qa_metric,cycle_converged
forced-medium-t23,roll_moment_amplitude_per_roll_degree,1921199.46465993,N_m_per_deg,final_three_cycles,harmonic_normalized_by_roll_amplitude,cycle_converged
forced-medium-t23,volume_drift,-0.00709928670985609,percent,full_run,qa_metric,cycle_converged
forced-medium-t24,exchange_amplitude_per_roll_degree,26.48920916871042,m3_per_deg,final_three_cycles,harmonic_normalized_by_roll_amplitude,cycle_converged
forced-medium-t24,level_amplitude_per_roll_degree,0.220739712966606,m_per_deg,final_three_cycles,harmonic_normalized_by_roll_amplitude,cycle_converged
forced-medium-t24,observed_max_courant,0.31541745,dimensionless,full_run,qa_metric,cycle_converged
forced-medium-t24,retained_field_window,24,s,full_run,qa_metric,cycle_converged
forced-medium-t24,roll_moment_amplitude_per_roll_degree,1934631.98554184,N_m_per_deg,final_three_cycles,harmonic_normalized_by_roll_amplitude,cycle_converged
forced-medium-t24,volume_drift,-0.00663769779454002,percent,full_run,qa_metric,cycle_converged
forced-medium-t25,level_amplitude_per_roll_degree,0.219462383855171,m_per_deg,final_three_cycles,harmonic_normalized_by_roll_amplitude,cycle_converged
forced-medium-t25,observed_max_courant,0.29901568,dimensionless,full_run,qa_metric,cycle_converged
forced-medium-t25,retained_field_window,25,s,full_run,qa_metric,cycle_converged
forced-medium-t25,roll_moment_amplitude_per_roll_degree,1940614.07434402,N_m_per_deg,final_three_cycles,harmonic_normalized_by_roll_amplitude,cycle_converged
forced-medium-t25,volume_drift,-0.00699598261868596,percent,full_run,qa_metric,cycle_converged
forced-medium-t26,exchange_amplitude_per_roll_degree,26.043707428547595,m3_per_deg,final_three_cycles,harmonic_normalized_by_roll_amplitude,cycle_converged
forced-medium-t26,level_amplitude_per_roll_degree,0.21703089523789662,m_per_deg,final_three_cycles,harmonic_normalized_by_roll_amplitude,cycle_converged
forced-medium-t26,roll_moment_amplitude_per_roll_degree,1936639.2559606377,N_m_per_deg,final_three_cycles,harmonic_normalized_by_roll_amplitude,cycle_converged
grid-t10-a10,added_roll_damping_B44,34158238.9422091,N.m.s/rad,final_three_cycles,derived,pass
grid-t10-a10,amplification_vs_quasi_static,0.428092643022445,dimensionless,final_three_cycles,derived,pass
grid-t10-a10,conduit_area,6.8,m2,final_three_cycles,input,pass
grid-t10-a10,equivalent_damping_ratio,0.71070245708959,dimensionless,final_three_cycles,derived,pass
grid-t10-a10,exchange_phase_lag,117.263851505336,deg,final_three_cycles,phase,pass
grid-t10-a10,initial_fill_fraction,0.5,dimensionless,final_three_cycles,input,pass
grid-t10-a10,level_difference_amplitude,0.743375073334673,m,final_three_cycles,harmonic_amplitude,pass
grid-t10-a10,moment_quadrature_fraction,0.413801810058626,dimensionless,final_three_cycles,derived,pass
grid-t10-a10,roll_moment_amplitude,9052328.84177427,N.m,final_three_cycles,harmonic_amplitude,pass
grid-t10-a10,roll_moment_in_phase_with_angle,8240941.38757357,N.m,final_three_cycles,component,pass
grid-t10-a10,roll_moment_in_quadrature,-3745870.0599721,N.m,final_three_cycles,component,pass
grid-t10-a2p5,added_roll_damping_B44,37357665.1267815,N.m.s/rad,final_three_cycles,derived,pass
grid-t10-a2p5,amplification_vs_quasi_static,0.709978333435176,dimensionless,final_three_cycles,derived,pass
grid-t10-a2p5,conduit_area,6.8,m2,final_three_cycles,input,pass
grid-t10-a2p5,equivalent_damping_ratio,0.257798553352865,dimensionless,final_three_cycles,derived,pass
grid-t10-a2p5,exchange_phase_lag,144.859028268845,deg,final_three_cycles,phase,pass
grid-t10-a2p5,initial_fill_fraction,0.5,dimensionless,final_three_cycles,input,pass
grid-t10-a2p5,level_difference_amplitude,0.309688199471046,m,final_three_cycles,harmonic_amplitude,pass
grid-t10-a2p5,moment_quadrature_fraction,0.693079915969771,dimensionless,final_three_cycles,derived,pass
grid-t10-a2p5,roll_moment_amplitude,1477725.11772007,N.m,final_three_cycles,harmonic_amplitude,pass
grid-t10-a2p5,roll_moment_in_phase_with_angle,1065234.04607177,N.m,final_three_cycles,component,pass
grid-t10-a2p5,roll_moment_in_quadrature,-1024181.60041585,N.m,final_three_cycles,component,pass
grid-t13-a10,added_roll_damping_B44,72855838.6382982,N.m.s/rad,final_three_cycles,derived,pass
grid-t13-a10,amplification_vs_quasi_static,0.620325052465356,dimensionless,final_three_cycles,derived,pass
grid-t13-a10,conduit_area,6.8,m2,final_three_cycles,input,pass
grid-t13-a10,equivalent_damping_ratio,0.681534284750687,dimensionless,final_three_cycles,derived,pass
grid-t13-a10,exchange_phase_lag,98.0431639117357,deg,final_three_cycles,phase,pass
grid-t13-a10,initial_fill_fraction,0.5,dimensionless,final_three_cycles,input,pass
grid-t13-a10,level_difference_amplitude,1.07718314921752,m,final_three_cycles,harmonic_amplitude,pass
grid-t13-a10,moment_quadrature_fraction,0.611859259967376,dimensionless,final_three_cycles,derived,pass
grid-t13-a10,roll_moment_amplitude,10044462.6509097,N.m,final_three_cycles,harmonic_amplitude,pass
grid-t13-a10,roll_moment_in_phase_with_angle,7944835.00312054,N.m,final_three_cycles,component,pass
grid-t13-a10,roll_moment_in_quadrature,-6145797.48435559,N.m,final_three_cycles,component,pass
grid-t13-a2p5,added_roll_damping_B44,138508257.920594,N.m.s/rad,final_three_cycles,derived,pass
grid-t13-a2p5,amplification_vs_quasi_static,1.20549223653254,dimensionless,final_three_cycles,derived,pass
grid-t13-a2p5,conduit_area,6.8,m2,final_three_cycles,input,pass
grid-t13-a2p5,equivalent_damping_ratio,0.436541531457381,dimensionless,final_three_cycles,derived,pass
grid-t13-a2p5,exchange_phase_lag,102.440951710203,deg,final_three_cycles,phase,pass
grid-t13-a2p5,initial_fill_fraction,0.5,dimensionless,final_three_cycles,input,pass
grid-t13-a2p5,level_difference_amplitude,0.525828328312181,m,final_three_cycles,harmonic_amplitude,pass
grid-t13-a2p5,moment_quadrature_fraction,0.882776542399622,dimensionless,final_three_cycles,derived,pass
grid-t13-a2p5,roll_moment_amplitude,3308862.91572468,N.m,final_three_cycles,harmonic_amplitude,pass
grid-t13-a2p5,roll_moment_in_phase_with_angle,1554481.03490706,N.m,final_three_cycles,component,pass
grid-t13-a2p5,roll_moment_in_quadrature,-2920986.56401776,N.m,final_three_cycles,component,pass
grid-t16-a10,added_roll_damping_B44,112488774.604114,N.m.s/rad,final_three_cycles,derived,pass
grid-t16-a10,amplification_vs_quasi_static,0.776611217559383,dimensionless,final_three_cycles,derived,pass
grid-t16-a10,conduit_area,6.8,m2,final_three_cycles,input,pass
grid-t16-a10,equivalent_damping_ratio,0.704523115448212,dimensionless,final_three_cycles,derived,pass
grid-t16-a10,exchange_phase_lag,80.9899922021448,deg,final_three_cycles,phase,pass
grid-t16-a10,initial_fill_fraction,0.5,dimensionless,final_three_cycles,input,pass
grid-t16-a10,level_difference_amplitude,1.34857122684883,m,final_three_cycles,harmonic_amplitude,pass
grid-t16-a10,moment_quadrature_fraction,0.634013367883011,dimensionless,final_three_cycles,derived,pass
grid-t16-a10,roll_moment_amplitude,12160404.5788342,N.m,final_three_cycles,harmonic_amplitude,pass
grid-t16-a10,roll_moment_in_phase_with_angle,9403909.44062055,N.m,final_three_cycles,component,pass
grid-t16-a10,roll_moment_in_quadrature,-7709859.06184663,N.m,final_three_cycles,component,pass
grid-t16-a2p5,added_roll_damping_B44,202151990.279816,N.m.s/rad,final_three_cycles,derived,pass
grid-t16-a2p5,amplification_vs_quasi_static,1.4834349684085,dimensionless,final_three_cycles,derived,pass
grid-t16-a2p5,conduit_area,6.8,m2,final_three_cycles,input,pass
grid-t16-a2p5,equivalent_damping_ratio,0.305809635774734,dimensionless,final_three_cycles,derived,pass
grid-t16-a2p5,exchange_phase_lag,69.9328524636578,deg,final_three_cycles,phase,pass
grid-t16-a2p5,initial_fill_fraction,0.5,dimensionless,final_three_cycles,input,pass
grid-t16-a2p5,level_difference_amplitude,0.647065245182955,m,final_three_cycles,harmonic_amplitude,pass
grid-t16-a2p5,moment_quadrature_fraction,0.724779318353575,dimensionless,final_three_cycles,derived,pass
grid-t16-a2p5,roll_moment_amplitude,4779137.1207741,N.m,final_three_cycles,harmonic_amplitude,pass
grid-t16-a2p5,roll_moment_in_phase_with_angle,3292735.09339848,N.m,final_three_cycles,component,pass
grid-t16-a2p5,roll_moment_in_quadrature,-3463819.74471292,N.m,final_three_cycles,component,pass
grid-t20-a10,added_roll_damping_B44,152238336.831138,N.m.s/rad,final_three_cycles,derived,pass
grid-t20-a10,amplification_vs_quasi_static,0.931927957220933,dimensionless,final_three_cycles,derived,pass
grid-t20-a10,conduit_area,6.8,m2,final_three_cycles,input,pass
grid-t20-a10,equivalent_damping_ratio,0.668836714249361,dimensionless,final_three_cycles,derived,pass
grid-t20-a10,exchange_phase_lag,62.9921998232795,deg,final_three_cycles,phase,pass
grid-t20-a10,initial_fill_fraction,0.5,dimensionless,final_three_cycles,input,pass
grid-t20-a10,level_difference_amplitude,1.6182759148828,m,final_three_cycles,harmonic_amplitude,pass
grid-t20-a10,moment_quadrature_fraction,0.571312795410288,dimensionless,final_three_cycles,derived,pass
grid-t20-a10,roll_moment_amplitude,14610911.8359009,N.m,final_three_cycles,harmonic_amplitude,pass
grid-t20-a10,roll_moment_in_phase_with_angle,11991648.8920646,N.m,final_three_cycles,component,pass
grid-t20-a10,roll_moment_in_quadrature,-8347400.88446179,N.m,final_three_cycles,component,pass
grid-t20-a2p5,added_roll_damping_B44,174632238.875267,N.m.s/rad,final_three_cycles,derived,pass
grid-t20-a2p5,amplification_vs_quasi_static,1.53931344604726,dimensionless,final_three_cycles,derived,pass
grid-t20-a2p5,conduit_area,6.8,m2,final_three_cycles,input,pass
grid-t20-a2p5,equivalent_damping_ratio,0.269008279371508,dimensionless,final_three_cycles,derived,pass
grid-t20-a2p5,exchange_phase_lag,38.2770652728916,deg,final_three_cycles,phase,pass
grid-t20-a2p5,initial_fill_fraction,0.5,dimensionless,final_three_cycles,input,pass
grid-t20-a2p5,level_difference_amplitude,0.671439094798056,m,final_three_cycles,harmonic_amplitude,pass
grid-t20-a2p5,moment_quadrature_fraction,0.436625402289465,dimensionless,final_three_cycles,derived,pass
grid-t20-a2p5,roll_moment_amplitude,5482550.89659716,N.m,final_three_cycles,harmonic_amplitude,pass
grid-t20-a2p5,roll_moment_in_phase_with_angle,4932340.76253734,N.m,final_three_cycles,component,pass
grid-t20-a2p5,roll_moment_in_quadrature,-2393820.9907992,N.m,final_three_cycles,component,pass
grid-t23-a10,added_roll_damping_B44,167631692.668267,N.m.s/rad,final_three_cycles,derived,pass
grid-t23-a10,amplification_vs_quasi_static,1.01320923041816,dimensionless,final_three_cycles,derived,pass
grid-t23-a10,conduit_area,6.8,m2,final_three_cycles,input,pass
grid-t23-a10,equivalent_damping_ratio,0.625334251832476,dimensionless,final_three_cycles,derived,pass
grid-t23-a10,exchange_phase_lag,51.7835575492603,deg,final_three_cycles,phase,pass
grid-t23-a10,initial_fill_fraction,0.5,dimensionless,final_three_cycles,input,pass
grid-t23-a10,level_difference_amplitude,1.75941936457427,m,final_three_cycles,harmonic_amplitude,pass
grid-t23-a10,moment_quadrature_fraction,0.500106608593298,dimensionless,final_three_cycles,derived,pass
grid-t23-a10,roll_moment_amplitude,15981698.6273825,N.m,final_three_cycles,harmonic_amplitude,pass
grid-t23-a10,roll_moment_in_phase_with_angle,13839573.185563,N.m,final_three_cycles,component,pass
grid-t23-a10,roll_moment_in_quadrature,-7992553.10010041,N.m,final_three_cycles,component,pass
grid-t23-a2p5,added_roll_damping_B44,123161967.941082,N.m.s/rad,final_three_cycles,derived,pass
grid-t23-a2p5,amplification_vs_quasi_static,1.43813739085908,dimensionless,final_three_cycles,derived,pass
grid-t23-a2p5,conduit_area,6.8,m2,final_three_cycles,input,pass
grid-t23-a2p5,equivalent_damping_ratio,0.216260122281124,dimensionless,final_three_cycles,derived,pass
grid-t23-a2p5,exchange_phase_lag,23.7117393259191,deg,final_three_cycles,phase,pass
grid-t23-a2p5,initial_fill_fraction,0.5,dimensionless,final_three_cycles,input,pass
grid-t23-a2p5,level_difference_amplitude,0.627306719364559,m,final_three_cycles,harmonic_amplitude,pass
grid-t23-a2p5,moment_quadrature_fraction,0.273547410861451,dimensionless,final_three_cycles,derived,pass
grid-t23-a2p5,roll_moment_amplitude,5366775.39175498,N.m,final_three_cycles,harmonic_amplitude,pass
grid-t23-a2p5,roll_moment_in_phase_with_angle,5162078.63971075,N.m,final_three_cycles,component,pass
grid-t23-a2p5,roll_moment_in_quadrature,-1468067.51308952,N.m,final_three_cycles,component,pass
grid-t23-a5,added_roll_damping_B44,166069266.792767,N.m.s/rad,final_three_cycles,derived,pass
grid-t23-a5,amplification_vs_quasi_static,1.26891933372771,dimensionless,final_three_cycles,derived,pass
grid-t23-a5,conduit_area,6.8,m2,final_three_cycles,input,pass
grid-t23-a5,equivalent_damping_ratio,0.388752386006194,dimensionless,final_three_cycles,derived,pass
grid-t23-a5,exchange_phase_lag,38.2923990554954,deg,final_three_cycles,phase,pass
grid-t23-a5,initial_fill_fraction,0.5,dimensionless,final_three_cycles,input,pass
grid-t23-a5,level_difference_amplitude,1.10593607017902,m,final_three_cycles,harmonic_amplitude,pass
grid-t23-a5,moment_quadrature_fraction,0.412141370766575,dimensionless,final_three_cycles,derived,pass
grid-t23-a5,roll_moment_amplitude,9605997.32329967,N.m,final_three_cycles,harmonic_amplitude,pass
grid-t23-a5,roll_moment_in_phase_with_angle,8752215.41721454,N.m,final_three_cycles,component,pass
grid-t23-a5,roll_moment_in_quadrature,-3959028.90440478,N.m,final_three_cycles,component,pass
grid-t26-a10,added_roll_damping_B44,169602847.107623,N.m.s/rad,final_three_cycles,derived,pass
grid-t26-a10,amplification_vs_quasi_static,1.06681314585813,dimensionless,final_three_cycles,derived,pass
grid-t26-a10,conduit_area,6.8,m2,final_three_cycles,input,pass
grid-t26-a10,equivalent_damping_ratio,0.567642326466467,dimensionless,final_three_cycles,derived,pass
grid-t26-a10,exchange_phase_lag,41.8802621310803,deg,final_three_cycles,phase,pass
grid-t26-a10,initial_fill_fraction,0.5,dimensionless,final_three_cycles,input,pass
grid-t26-a10,level_difference_amplitude,1.85250158689389,m,final_three_cycles,harmonic_amplitude,pass
grid-t26-a10,moment_quadrature_fraction,0.421725567825569,dimensionless,final_three_cycles,derived,pass
grid-t26-a10,roll_moment_amplitude,16962391.9710874,N.m,final_three_cycles,harmonic_amplitude,pass
grid-t26-a10,roll_moment_in_phase_with_angle,15380199.7904492,N.m,final_three_cycles,component,pass
grid-t26-a10,roll_moment_in_quadrature,-7153474.38568668,N.m,final_three_cycles,component,pass
grid-t26-a2p5,added_roll_damping_B44,87967683.3375238,N.m.s/rad,final_three_cycles,derived,pass
grid-t26-a2p5,amplification_vs_quasi_static,1.3453947734647,dimensionless,final_three_cycles,derived,pass
grid-t26-a2p5,conduit_area,6.8,m2,final_three_cycles,input,pass
grid-t26-a2p5,equivalent_damping_ratio,0.176127474322438,dimensionless,final_three_cycles,derived,pass
grid-t26-a2p5,exchange_phase_lag,15.5468072748183,deg,final_three_cycles,phase,pass
grid-t26-a2p5,initial_fill_fraction,0.5,dimensionless,final_three_cycles,input,pass
grid-t26-a2p5,level_difference_amplitude,0.586852957830551,m,final_three_cycles,harmonic_amplitude,pass
grid-t26-a2p5,moment_quadrature_fraction,0.179502224129114,dimensionless,final_three_cycles,derived,pass
grid-t26-a2p5,roll_moment_amplitude,5167461.11634522,N.m,final_three_cycles,harmonic_amplitude,pass
grid-t26-a2p5,roll_moment_in_phase_with_angle,5083528.97775435,N.m,final_three_cycles,component,pass
grid-t26-a2p5,roll_moment_in_quadrature,-927570.763484679,N.m,final_three_cycles,component,pass
grid-t40-a10,added_roll_damping_B44,120043611.478034,N.m.s/rad,final_three_cycles,derived,pass
grid-t40-a10,amplification_vs_quasi_static,1.09936054332573,dimensionless,final_three_cycles,derived,pass
grid-t40-a10,conduit_area,6.8,m2,final_three_cycles,input,pass
grid-t40-a10,equivalent_damping_ratio,0.373971145407073,dimensionless,final_three_cycles,derived,pass
grid-t40-a10,exchange_phase_lag,17.0616543955377,deg,final_three_cycles,phase,pass
grid-t40-a10,initial_fill_fraction,0.5,dimensionless,final_three_cycles,input,pass
grid-t40-a10,level_difference_amplitude,1.90901954947439,m,final_three_cycles,harmonic_amplitude,pass
grid-t40-a10,moment_quadrature_fraction,0.183100080602586,dimensionless,final_three_cycles,derived,pass
grid-t40-a10,roll_moment_amplitude,17974125.168583,N.m,final_three_cycles,harmonic_amplitude,pass
grid-t40-a10,roll_moment_in_phase_with_angle,17670259.6148608,N.m,final_three_cycles,component,pass
grid-t40-a10,roll_moment_in_quadrature,-3291063.76712852,N.m,final_three_cycles,component,pass
grid-t40-a2p5,added_roll_damping_B44,37463035.4157205,N.m.s/rad,final_three_cycles,derived,pass
grid-t40-a2p5,amplification_vs_quasi_static,1.13936226412357,dimensionless,final_three_cycles,derived,pass
grid-t40-a2p5,conduit_area,6.8,m2,final_three_cycles,input,pass
grid-t40-a2p5,equivalent_damping_ratio,0.100068576407568,dimensionless,final_three_cycles,derived,pass
grid-t40-a2p5,exchange_phase_lag,4.69479448110615,deg,final_three_cycles,phase,pass
grid-t40-a2p5,initial_fill_fraction,0.5,dimensionless,final_three_cycles,input,pass
grid-t40-a2p5,level_difference_amplitude,0.496982839482523,m,final_three_cycles,harmonic_amplitude,pass
grid-t40-a2p5,moment_quadrature_fraction,0.0553801113159818,dimensionless,final_three_cycles,derived,pass
grid-t40-a2p5,roll_moment_amplitude,4636458.65956368,N.m,final_three_cycles,harmonic_amplitude,pass
grid-t40-a2p5,roll_moment_in_phase_with_angle,4629343.2906989,N.m,final_three_cycles,component,pass
grid-t40-a2p5,roll_moment_in_quadrature,-256767.596678584,N.m,final_three_cycles,component,pass
twin-conduit-a13p5,conduit_area,13.5,m2,full_run,geometry_input,cycle_converged
twin-conduit-a13p5,exchange_cycle_change,0.3409,percent,final_two_cycles,cycle_to_cycle_change,cycle_converged
twin-conduit-a13p5,exchange_volume_amplitude,34.5993,m3,final_cycle,harmonic_half_range,cycle_converged
twin-conduit-a13p5,exchange_volume_peak_to_peak,69.1986,m3,final_cycle,peak_to_peak,cycle_converged
twin-conduit-a13p5,observed_max_courant,0.23759881,dimensionless,full_run,qa_metric,cycle_converged
twin-conduit-a13p5,simulated_cycles,11.997,dimensionless,full_run,qa_metric,cycle_converged
twin-conduit-a3p4,conduit_area,3.4,m2,full_run,geometry_input,cycle_converged
twin-conduit-a3p4,exchange_cycle_change,0.9157,percent,final_two_cycles,cycle_to_cycle_change,cycle_converged
twin-conduit-a3p4,exchange_volume_amplitude,7.9046,m3,final_cycle,harmonic_half_range,cycle_converged
twin-conduit-a3p4,exchange_volume_peak_to_peak,15.8092,m3,final_cycle,peak_to_peak,cycle_converged
twin-conduit-a3p4,observed_max_courant,0.25021349,dimensionless,full_run,qa_metric,cycle_converged
twin-conduit-a3p4,simulated_cycles,11.997,dimensionless,full_run,qa_metric,cycle_converged
twin-conduit-a6p8,conduit_area,6.8,m2,full_run,geometry_input,cycle_converged
twin-conduit-a6p8,exchange_cycle_change,1.4868,percent,final_two_cycles,cycle_to_cycle_change,cycle_converged
twin-conduit-a6p8,exchange_volume_amplitude,16.297,m3,final_cycle,harmonic_half_range,cycle_converged
twin-conduit-a6p8,exchange_volume_peak_to_peak,32.5941,m3,final_cycle,peak_to_peak,cycle_converged
twin-conduit-a6p8,observed_max_courant,0.33392834,dimensionless,full_run,qa_metric,cycle_converged
twin-conduit-a6p8,simulated_cycles,11.005,dimensionless,full_run,qa_metric,cycle_converged
